index,cv_score
1,0.8736044657097288
2,0.8709463051568315
3,0.8712121212121212
4,0.8745181443573042
5,0.8702645221321281
6,0.8734547388010102
7,0.8745014623770274
8,0.8707790481254986
9,0.8711778782238766
10,0.8750332358415315
