Index,Cross validation scores
1,0.8670919723551302
2,0.8624401913875598
3,0.8640350877192983
4,0.8653462714342682
5,0.8682706367140768
6,0.8676060082413931
7,0.868519010901356
8,0.8633342196224408
9,0.8663919170433395
10,0.86838606753523
